{
    "hybrid_radiator_area": 0.09788296526851513,
    "hybrid_radiator_power": 47.34122239513864,
    "pcm_capacity_target": 6755.851979226902,
    "hybrid_H_target": 0.002370558777451428,
    "hybrid_m_target": 0.564880405431423,
    "normal_L_solution": 0.06536678192822748,
    "normal_m_solution": 0.316270739362871
}