{
    "radiator_area_target": 0.08386140003847103,
    "phi_radiation_target": 59.99999999999999,
    "pcm_capacity_target": 3570.136397678395,
    "H_target": 0.0015994644367395877,
    "m_target": 0.419165119825903
}