{
    "hybrid_radiator_area": 0.09788296526474714,
    "hybrid_radiator_power": 47.34122239485604,
    "hybrid_capacity_sim": 184788.58791868202,
    "hybrid_capacity_nu": 615025.5976126483,
    "pcm_capacity": 48000.0,
    "hybrid_H_sim": 0.013187871518956932,
    "hybrid_m_sim": 1.6249079507273378,
    "hybrid_H_nu": 0.03923628055664778,
    "hybrid_m_nu": 4.177485633510544,
    "normal_L_solution": 0.06748627883089094,
    "normal_m_solution": 0.346609735620966
}