{
    "hybrid_radiator_area": 0.09788296526474714,
    "hybrid_radiator_power": 47.34122239485604,
    "pcm_capacity_target": 6755.851978966836,
    "hybrid_H_target": 0.0023705587774515225,
    "hybrid_m_target": 0.564880405409703,
    "normal_L_solution": 0.06536678192822748,
    "normal_m_solution": 0.316270739362871
}