{
    "hybrid_radiator_area": 0.09788296526474714,
    "hybrid_radiator_power": 47.34122239485604,
    "hybrid_capacity_target": 622165.1379504988,
    "pcm_capacity_target": 56000,
    "hybrid_H_target": 0.036128151579155575,
    "hybrid_m_target": 3.87290884912119,
    "normal_L_solution": 0.06536678192822748,
    "normal_m_solution": 0.316270739362871
}